{
  "inputs": {
    "P": 1.63094,
    "log_dim_H": 1e+122,
    "loops": 4
  },
  "predictions": {
    "Delta_rho_H_log_asympt": -0.0003897058181939589,
    "Delta_rho_stage3": 0.009498860966469166,
    "Delta_rho_tb_exact": 0.009036045207259931,
    "Delta_rho_top_pole": 0.00913328416597538,
    "Lambda_MSbar": {
      "3": 0.32246774093053154,
      "4": 0.30057101430078337,
      "5": 0.21368498327853871
    },
    "Lambda_MSbar_3": 0.32246774093053154,
    "MZ_pole_from_tb": 91.24115772025817,
    "MZ_pole_from_tb_plus_Hlog": 91.25878222092821,
    "MZ_pole_from_top": 91.23676166621509,
    "MZ_pole_stage3": 91.22024007073016,
    "M_U": 2.4736039148648396e+16,
    "N_c": 3.0,
    "N_g": 3.0,
    "P": 1.63094,
    "alpha1_at_mZrun": 0.01688600177873589,
    "alpha2_at_mZrun": 0.033778436302189865,
    "alpha3_at_mZrun": 0.11833722886741277,
    "alpha_U": 0.041124980414774207,
    "alpha_em_at_mZrun": 0.007793881804511173,
    "alpha_em_inv_at_mZrun": 128.30576920234927,
    "crit_alpha_s_at_mtMS": 0.11018789990204483,
    "crit_delta_mH_match": -0.11971538352308642,
    "crit_delta_mt_pole_match": 0.840323355558894,
    "crit_g1U": 0.5575898467351904,
    "crit_g2U": 0.5648301454016257,
    "crit_g3U": 0.5692032393029657,
    "crit_gYU": 0.4319072380839477,
    "crit_lam_at_mtMS_core": 0.13164309676119262,
    "crit_literal_mH_tree": 115.18131503088236,
    "crit_literal_mt_MS": 154.88711866728931,
    "crit_literal_mt_pole": 164.2450877560079,
    "crit_mH_tree": 126.5,
    "crit_mH_tree_core": 126.61971470633567,
    "crit_mt_MS": 160.61097045366876,
    "crit_mt_pole": 171.1,
    "crit_mt_pole_core": 170.25967604085577,
    "crit_transport_switch_scale": 681292069057.9622,
    "crit_yU": 0.4115891535913343,
    "eps_defect": 0.16666666666666666,
    "integer_vectors": {
      "delta": 0.2222222222222222,
      "epsilon": 0.16666666666666666,
      "n_d": [
        6,
        4,
        2
      ],
      "n_e": [
        7,
        4,
        3
      ],
      "n_u": [
        6,
        3,
        0
      ],
      "q_D": [
        4,
        3,
        2
      ],
      "q_E": [
        4,
        3,
        3
      ],
      "q_L": [
        3,
        1,
        0
      ],
      "q_Q": [
        2,
        1,
        0
      ],
      "q_U": [
        4,
        2,
        0
      ]
    },
    "log_dim_H": 1e+122,
    "mW_run": 80.3862916924173,
    "mZ_run": 91.65246028557766,
    "m_b": 4.846963945446523,
    "m_c": 0.807827324241087,
    "m_d": 0.003739941315930958,
    "m_e": 0.0005108822432948087,
    "m_gamma": 0.0,
    "m_gluon": 0.0,
    "m_graviton": 0.0,
    "m_mu": 0.10563528287092426,
    "m_n": 6260.450622271967,
    "m_nu_e": 8.392316473844349e-14,
    "m_nu_mu": 5.035389884306609e-13,
    "m_nu_tau": 3.021233930583966e-12,
    "m_p": 6260.450622271967,
    "m_pi": 4801.255101709361,
    "m_rho": 6.806786986063936,
    "m_s": 0.1346378873735145,
    "m_t": 174.49070203607485,
    "m_tau": 1.7765791240167614,
    "m_u": 0.003739941315930958,
    "np_constants": {
      "C_n": 19414.191956709994,
      "C_p": 19414.191956709994,
      "C_pi": 14889.102047400405,
      "C_rho": 21.108427672243675
    },
    "np_error": null,
    "np_meta": {
      "C_continuum": {
        "C_p": 19414.191956709994,
        "C_pi": 14889.102047400405,
        "C_rho": 21.108427672243675
      },
      "params": {
        "L": 2.0,
        "T": 4.0,
        "beta1": 5.7,
        "beta2": 6.0,
        "c": 0.3,
        "eps": 0.05,
        "every": 1.0,
        "kappas": [
          0.12,
          0.125
        ],
        "nf": 0.0,
        "seed": 0.0,
        "sweeps": 2.0,
        "therm": 1.0
      },
      "point1": {
        "C_p": 14411.541776274818,
        "C_pi": 13090.314659246582,
        "C_rho": 1573.9061486703097,
        "aLambda_msbar": 9.199929710138038e-06,
        "beta": 5.7
      },
      "point2": {
        "C_p": 9151.450924219027,
        "C_pi": 11198.960128357077,
        "C_rho": 3206.612173020885,
        "aLambda_msbar": 1.3176987281857952e-05,
        "beta": 6.0
      },
      "profile": "demo"
    },
    "pixel_residual": 3.608224830031759e-15,
    "rho_Lambda_1_4": 3.021233930583966e-12,
    "sin2w_at_mZrun": 0.23073542347506162,
    "v": 246.7671173274197
  }
}
