{
  "U_d_left": {
    "imag": [
      [
        0.0,
        0.0,
        -0.0
      ],
      [
        -0.2914792003047071,
        0.15840544706801865,
        -0.11498100381523393
      ],
      [
        0.2762804992942686,
        -0.33537853811195056,
        -0.09955863688620648
      ]
    ],
    "real": [
      [
        0.5556293218569323,
        0.6216253435746095,
        -0.552139465097863
      ],
      [
        -0.674922890647706,
        0.02732186385124369,
        -0.6484285360207318
      ],
      [
        0.27288112773145107,
        -0.6893942257478771,
        -0.5015474965927531
      ]
    ]
  },
  "U_u_left": {
    "imag": [
      [
        0.0,
        0.0,
        -0.0
      ],
      [
        -0.0901133282694951,
        0.12432372394626696,
        0.04189925688058547
      ],
      [
        0.16982943667681247,
        -0.14430829050431818,
        0.013295074560905
      ]
    ],
    "real": [
      [
        0.5525413196105303,
        0.5966400657891062,
        -0.5819954656337322
      ],
      [
        -0.74858234030011,
        0.06901634481705338,
        -0.6399444319189639
      ],
      [
        0.31202583293710623,
        -0.7765153604399067,
        -0.4998200629256141
      ]
    ]
  },
  "V_CKM": {
    "imag": [
      [
        0.197240038625577,
        -0.10368479089290217,
        0.08175335761283065
      ],
      [
        -0.11136494429151689,
        0.16847709330119248,
        0.07761083067097824
      ],
      [
        0.0730907473431903,
        0.07427902002741865,
        0.1571796424837347
      ]
    ],
    "real": [
      [
        0.9705761993102534,
        0.03668062509556434,
        0.017279840698536202
      ],
      [
        -0.003073729244020315,
        0.9761889053345782,
        0.015350910999078468
      ],
      [
        -0.036391654534248474,
        -0.03251635278316486,
        0.9808431393995711
      ]
    ]
  },
  "Y_d": {
    "imag": [
      [
        0.0,
        -0.04818084651540112,
        0.004020656891737719
      ],
      [
        0.06085189987583032,
        0.0,
        -0.021422911091545503
      ],
      [
        -0.0059025980919589225,
        0.024901469059612952,
        0.0
      ]
    ],
    "real": [
      [
        0.9231656602589083,
        0.18983460079136288,
        0.06984599807720733
      ],
      [
        0.23975909424156083,
        0.9231656602589083,
        0.16813122780582368
      ],
      [
        0.10253868113658092,
        0.19543163621743878,
        0.9231656602589084
      ]
    ]
  },
  "Y_u": {
    "imag": [
      [
        0.0,
        0.0019846368667210475,
        0.018039354342092292
      ],
      [
        -0.0015713804245949784,
        0.0,
        -0.01832267176591744
      ],
      [
        -0.012287818555161228,
        0.015763124949019432,
        0.0
      ]
    ],
    "real": [
      [
        0.9231656602589083,
        0.20972764235121133,
        0.09824556307030924
      ],
      [
        0.16605653014581037,
        0.9231656602589082,
        0.16238651991578493
      ],
      [
        0.0669216663725443,
        0.1397022790219034,
        0.9231656602589083
      ]
    ]
  },
  "artifact": "oph_flavor_blind_forward",
  "certification_status": "placeholder_unpromotable",
  "commutator_invariant": {
    "det_abs": 5.4099347542051844e-05,
    "det_imag": -5.4099347542051844e-05,
    "fro_norm": 0.14373405331947417
  },
  "generated_utc": "2026-03-25T08:54:14Z",
  "jarlskog": -0.0007083291939052892,
  "metadata": {
    "note": "This artifact stays a sandbox placeholder until the quark descent law closes. Factorized-only mode is allowed, but dense entrywise amplitudes are not promotable in certified quark mode.",
    "shared_charged_seed_kind": "averaged_u_d_candidate"
  },
  "promotion_blockers": [
    "quark_descent_candidate_only",
    "quark_norm_placeholder"
  ],
  "singular_values_d": [
    0.6679796951161644,
    0.8482549951959738,
    1.2543928232024326
  ],
  "singular_values_u": [
    0.7150818445559285,
    0.8461021895614372,
    1.2091806425616913
  ],
  "source_mode": "factorized_descent",
  "template_amplitude_fallback_used": false,
  "up_down_sector_distinct": true
}
