{
  "U_d_left": {
    "imag": [
      [
        0.0,
        0.0,
        -0.0
      ],
      [
        -0.18259259886325166,
        -0.077861692076673,
        0.12147433650229307
      ],
      [
        0.3021140585207807,
        0.5955315070731926,
        0.21604336649457728
      ]
    ],
    "real": [
      [
        -0.6151340670052823,
        0.5253353185526898,
        -0.5879055048991162
      ],
      [
        0.6706832985871889,
        -0.002841741840963482,
        -0.7042849727334568
      ],
      [
        -0.2172119496947942,
        -0.6027391712627798,
        -0.31131823566274985
      ]
    ]
  },
  "U_u_left": {
    "imag": [
      [
        0.0,
        0.0,
        0.0
      ],
      [
        0.5943222183951,
        -0.03035534322147393,
        -0.546958380035166
      ],
      [
        -0.37746644784460176,
        0.8569350990041016,
        -0.33044662041539496
      ]
    ],
    "real": [
      [
        0.5987409642925892,
        0.5038300507602871,
        0.6226271256770518
      ],
      [
        -0.37407053211554686,
        -0.10283702538838534,
        0.44293562464674385
      ],
      [
        -0.07668556679244126,
        -0.017905736312493186,
        0.08823296637472317
      ]
    ]
  },
  "V_CKM": {
    "imag": [
      [
        -0.4354574861340693,
        -0.24236781021445955,
        0.23905264110723423
      ],
      [
        0.21986307039496805,
        0.5137657240242283,
        0.22904023604695148
      ],
      [
        0.2408385485548353,
        -0.18266964242692946,
        -0.4152211684092517
      ]
    ],
    "real": [
      [
        -0.8250885602877378,
        0.09075608594860402,
        -0.0740314640331918
      ],
      [
        -0.11056996205564135,
        0.788459814516882,
        -0.03675575803779524
      ],
      [
        -0.10505690243680346,
        0.1184435767807609,
        -0.8432995570615693
      ]
    ]
  },
  "Y_d": {
    "imag": [
      [
        0.0,
        0.007231186663580403,
        -0.001133216261322611
      ],
      [
        -0.023238503228394883,
        0.0,
        0.015088481667959184
      ],
      [
        0.007727585084843482,
        -0.03201680254108065,
        0.0
      ]
    ],
    "real": [
      [
        0.9231656602589083,
        0.03283256456364592,
        0.001185972444679012
      ],
      [
        0.10551237204973386,
        0.9231656602589082,
        0.023809467138375867
      ],
      [
        0.008087338037172617,
        0.05052218140652949,
        0.9231656602589084
      ]
    ]
  },
  "Y_u": {
    "imag": [
      [
        0.0,
        0.05834354863748777,
        -0.004140804802864551
      ],
      [
        -0.01815491672018917,
        0.0,
        0.02134587571569134
      ],
      [
        0.000607230756575218,
        -0.010059619601597888,
        0.0
      ]
    ],
    "real": [
      [
        0.9231656602589084,
        0.041372248553876306,
        0.009576679652906437
      ],
      [
        0.012873912275880608,
        0.9231656602589082,
        0.030808273029208723
      ],
      [
        0.0014043778221784224,
        0.014518940866323228,
        0.9231656602589084
      ]
    ]
  },
  "artifact": "oph_forward_yukawas",
  "certification_status": "placeholder_unpromotable",
  "commutator_invariant": {
    "det_abs": 3.9956731459007727e-07,
    "det_imag": -3.9956731459007727e-07,
    "fro_norm": 0.02228425717756219
  },
  "degenerate_placeholder_fallback_used": false,
  "delta_logg_q_status": "closed_zero_corollary",
  "dense_entrywise_amplitude_used": false,
  "forward_certified": false,
  "generated_utc": "2026-03-25T23:51:12Z",
  "jarlskog": -0.01323024254580132,
  "metadata": {
    "note": "This artifact stays a sandbox placeholder until the quark descent law closes. Factorized-only mode is allowed, but dense entrywise amplitudes are not promotable in certified quark mode.",
    "shared_charged_seed_kind": "averaged_u_d_candidate"
  },
  "noncentrality_witness": {
    "fro_norm": 0.02228425717756219,
    "status": "closed"
  },
  "promotion_blockers": [
    "quark_even_excitation_evaluator_missing"
  ],
  "quark_descent_proof_status": "closed",
  "shared_scalarization_law_status": "candidate_only",
  "singular_values_d": [
    0.8402238205029884,
    0.9236052947458946,
    1.0074645336912607
  ],
  "singular_values_u": [
    0.8677592945247851,
    0.9254060055662021,
    0.9771187253652676
  ],
  "source_mode": "factorized_descent",
  "template_amplitude_fallback_used": false,
  "up_down_sector_distinct": true,
  "uses_full_projector_algebra": true
}
