{
  "artifact": "oph_overlap_edge_transport_cocycle",
  "cocycle_identity_closed": true,
  "cocycle_origin_status": "induced_from_projective_eigenline_transport",
  "common_refinement_invariance_closed": true,
  "conjugacy_defect_sup": 0.03162277660168382,
  "cycle_holonomy_by_refinement": [
    {
      "level": 1,
      "omega_012": 1.7561442767905915,
      "omega_021": -1.7561442767905915
    }
  ],
  "defect_gap_ratio": 0.10458455029121368,
  "derived_cycle_holonomy": {
    "012": 1.7561442767905915,
    "021": -1.7561442767905915
  },
  "derived_pairwise_suppression": [
    [
      0.0,
      2.9352422406300493,
      5.407843949508826
    ],
    [
      2.9352422406300493,
      0.0,
      3.346451912983049
    ],
    [
      5.407843949508826,
      3.346451912983049,
      0.0
    ]
  ],
  "descendant_transport_operator_by_refinement": [
    {
      "hermitian_descendant": {
        "imag": [
          [
            0.0,
            0.36,
            0.18000000000000002
          ],
          [
            -0.36,
            0.0,
            0.010000000000000002
          ],
          [
            -0.18000000000000002,
            -0.010000000000000002,
            0.0
          ]
        ],
        "real": [
          [
            1.06,
            0.17,
            0.020000000000000004
          ],
          [
            0.17,
            0.58,
            0.24
          ],
          [
            0.020000000000000004,
            0.24,
            0.21000000000000005
          ]
        ]
      },
      "level": 0,
      "transport_operator": {
        "imag": [
          [
            0.0,
            0.2,
            0.1
          ],
          [
            -0.2,
            0.0,
            0.0
          ],
          [
            -0.1,
            0.0,
            0.0
          ]
        ],
        "real": [
          [
            1.0,
            0.1,
            0.0
          ],
          [
            0.1,
            0.7,
            0.2
          ],
          [
            0.0,
            0.2,
            0.4
          ]
        ]
      }
    },
    {
      "hermitian_descendant": {
        "imag": [
          [
            0.0,
            0.34099999999999997,
            0.16399999999999998
          ],
          [
            -0.34099999999999997,
            0.0,
            0.019
          ],
          [
            -0.16399999999999998,
            -0.019,
            0.0
          ]
        ],
        "real": [
          [
            1.0968,
            0.1908,
            0.0322
          ],
          [
            0.1908,
            0.5568,
            0.2162
          ],
          [
            0.0322,
            0.2162,
            0.20879999999999999
          ]
        ]
      },
      "level": 1,
      "transport_operator": {
        "imag": [
          [
            0.0,
            0.19,
            0.09
          ],
          [
            -0.19,
            0.0,
            0.01
          ],
          [
            -0.09,
            -0.01,
            0.0
          ]
        ],
        "real": [
          [
            1.02,
            0.11,
            0.01
          ],
          [
            0.11,
            0.69,
            0.18
          ],
          [
            0.01,
            0.18,
            0.41
          ]
        ]
      }
    }
  ],
  "edge_basis": [
    "12",
    "23",
    "31"
  ],
  "edge_transport_by_refinement": [
    {
      "edges": {
        "12": {
          "amplitude": 0.002821506036027245,
          "imag": 0.0,
          "phase": 0.0,
          "real": 0.002821506036027245
        },
        "23": {
          "amplitude": 0.0012396777328995872,
          "imag": -3.469446951953614e-18,
          "phase": -2.7986684441275163e-15,
          "real": 0.0012396777328995872
        },
        "31": {
          "amplitude": 2.0081975248736937e-05,
          "imag": 2.168404344971009e-19,
          "phase": 1.0797764254327479e-14,
          "real": 2.0081975248736937e-05
        }
      },
      "level": 1
    }
  ],
  "generated_utc": "2026-03-25T11:36:23Z",
  "hermitian_descendant_riesz_margin": {
    "epsilon_transport_gap": 0.03162277660168382,
    "gamma": 0.30236566025890826,
    "gamma_half": 0.15118283012945413,
    "hermitian_descendant_norm_direct": 0.053150809679726865,
    "hermitian_descendant_norm_upper_bound": 0.07357752953620059,
    "passes": true,
    "t0_operator_norm": 1.162374562535372,
    "t1_operator_norm": 1.1643512168916883
  },
  "labels": [
    "f1",
    "f2",
    "f3"
  ],
  "latest_level": 1,
  "metadata": {
    "note": "Overlap-edge transport cocycle candidate is now treated as an induced off-diagonal edge object downstream of the projective same-label eigenline transport readout, which itself is now a serialization of the centered compressed generation-bundle branch-generator candidate rather than a primitive transport law. The remaining OPH-native blocker is the persistent simple-spectrum splitting theorem behind that generator."
  },
  "non_floor_amplitude_certificate": {
    "all_equal_off_diagonal": false,
    "amplitude_floor": 1e-12,
    "status": "closed"
  },
  "overlap_edge_line_lift_artifact": "oph_overlap_edge_line_lift",
  "persistence_proof_status": "conditional_standard_math_closed",
  "projective_transport_functor_kind": "projective_polar_riesz_common_refinement",
  "projector_overlap_line_certificate": {
    "all_edge_pairs_nondegenerate": true,
    "common_refinement_invariance_closed_on_current_family": true,
    "left_refinement_level": 1,
    "pair_certificate_by_edge": {
      "12": {
        "common_refinement_level": 1,
        "generator": {
          "imag": [
            [
              0.015142441371907941,
              -0.03163022444892352,
              -0.018035243994871025
            ],
            [
              -0.005710585225175618,
              -0.013353955428878225,
              -0.005839711690113415
            ],
            [
              -0.0036905703197530823,
              -0.00465916889994571,
              -0.0017884859430297162
            ]
          ],
          "real": [
            [
              0.019790869516841753,
              0.010251564489226941,
              0.0022241142044862744
            ],
            [
              0.012632702840179266,
              -0.01280052963397843,
              -0.008252427505474363
            ],
            [
              0.005007626411986056,
              -0.006869266368081925,
              -0.004168833846836077
            ]
          ]
        },
        "left_level": 1,
        "left_projector_index": 0,
        "nondegenerate": true,
        "pair_scalar_trace": {
          "amplitude": 0.002821506036027245,
          "imag": 0.0,
          "phase": 0.0,
          "real": 0.002821506036027245
        },
        "right_level": 0,
        "right_projector_index": 1
      },
      "23": {
        "common_refinement_level": 1,
        "generator": {
          "imag": [
            [
              -0.00046076986999319443,
              0.0022668267072222916,
              -0.005642021409517424
            ],
            [
              0.0020015779565466098,
              -0.012014331030931646,
              0.023425229593394117
            ],
            [
              0.0010644380714997202,
              -0.006354061703675334,
              0.012475100900924838
            ]
          ],
          "real": [
            [
              0.001300213504789022,
              -0.008037337665005986,
              0.01510044540117482
            ],
            [
              -0.00019309501439047105,
              0.0019616633740391623,
              -0.0018585524791094568
            ],
            [
              -0.00019116803050857881,
              0.001577699001638928,
              -0.002022199145928597
            ]
          ]
        },
        "left_level": 1,
        "left_projector_index": 1,
        "nondegenerate": true,