{
  "U_d_left": {
    "imag": [
      [
        0.0,
        0.0,
        0.0
      ],
      [
        0.0019802055183246255,
        -0.2182056943764016,
        -0.004268220739795105
      ],
      [
        -6.45484308040543e-05,
        0.00312846403668257,
        -0.6719298393180936
      ]
    ],
    "real": [
      [
        0.9999588141966382,
        0.009075627554347432,
        -5.380472155792763e-05
      ],
      [
        -0.008856884314590691,
        0.9758505547463072,
        -0.001177463840815185
      ],
      [
        -1.141475041684706e-05,
        -0.0031329603098099452,
        -0.7406015690029506
      ]
    ]
  },
  "U_u_left": {
    "imag": [
      [
        0.0,
        0.0,
        0.0
      ],
      [
        0.00265915679987597,
        -0.8172221610345767,
        -0.002962407073873914
      ],
      [
        -2.742543427136583e-05,
        0.0034911971036973104,
        -0.3960429487274366
      ]
    ],
    "real": [
      [
        0.9999947048177973,
        0.0032540268866759503,
        -4.056337793210919e-05
      ],
      [
        -0.0018753903743849213,
        0.5763030118971637,
        -0.0018476830408965528
      ],
      [
        -3.7151981535778196e-05,
        -2.9052324265123788e-05,
        -0.9182253488820694
      ]
    ]
  },
  "V_CKM": {
    "imag": [
      [
        1.9840270830110864e-05,
        -0.0021859209308820763,
        1.5787846401796998e-05
      ],
      [
        -0.006096802008791646,
        0.6717449472071434,
        -0.0008169308360448508
      ],
      [
        2.485278508104248e-05,
        -0.0008193802735404364,
        0.323677380103899
      ]
    ],
    "real": [
      [
        0.999975397219431,
        0.0066652662002626255,
        -1.7003317042316557e-05
      ],
      [
        -0.0034688490922063853,
        0.7407486884105863,
        0.00048501022489438775
      ],
      [
        5.9820968665185935e-06,
        0.0004807408854489273,
        0.9461670309516165
      ]
    ]
  },
  "Y_d": {
    "imag": [
      [
        0.0,
        0.00015367255428783505,
        -0.00017295762217109758
      ],
      [
        -0.0004938498084857015,
        0.0,
        0.010664433418101402
      ],
      [
        0.0011794260169188237,
        -0.022629252331261007,
        0.0
      ]
    ],
    "real": [
      [
        0.004236439799446182,
        0.000697736664125546,
        0.0001810095574808645
      ],
      [
        0.002242281450638518,
        0.09085141973524266,
        0.016828365014147004
      ],
      [
        0.0012343334669154009,
        0.03570872481432715,
        4.6861054735360375
      ]
    ]
  },
  "Y_u": {
    "imag": [
      [
        0.0,
        0.003326819356087708,
        -0.0027553071268929447
      ],
      [
        -0.001035215199681525,
        0.0,
        0.3390015370022913
      ],
      [
        0.0004040536347192359,
        -0.15976044047203009,
        0.0
      ]
    ],
    "real": [
      [
        0.002205533133728434,
        0.002359095401431756,
        0.006372358745664563
      ],
      [
        0.000734085970911538,
        1.256372592602042,
        0.48927727531040466
      ],
      [
        0.0009344782974608546,
        0.23058052688420894,
        171.0866845894862
      ]
    ]
  },
  "artifact": "oph_quark_d12_internal_backread_forward_yukawas",
  "certification_status": "forward_matrix_certified",
  "commutator_invariant": {
    "det_abs": 1.6088513324935436,
    "det_imag": 1.6088513324935436,
    "fro_norm": 863.6057495947111
  },
  "constructive_edge_statistics_bridge_artifact": "oph_quark_edge_statistics_spread_candidate",
  "constructive_edge_statistics_bridge_candidate_sigmas": {
    "sigma_d_total_log_per_side": 3.4210589139721543,
    "sigma_u_total_log_per_side": 5.578418804072826
  },
  "constructive_edge_statistics_bridge_status": "candidate_only",
  "degenerate_placeholder_fallback_used": false,
  "delta_logg_q_status": "closed_zero_corollary",
  "dense_entrywise_amplitude_used": false,
  "even_excitation_source_artifact": "oph_quark_edge_statistics_spread_candidate",
  "even_excitation_source_status": "internal_backread_edge_bridge_closed_on_sidecar",
  "forward_certified": true,
  "generated_utc": "2026-04-12T03:53:29Z",
  "jarlskog": 1.505308417752448e-10,
  "metadata": {
    "base_descent_artifact": "oph_quark_sector_descent",
    "note": "Continuation-only forward Yukawas built from the explicit D12 internal-backread descent. This surface is certified on its own continuation-side inputs, but it does not promote the public quark theorem frontier.",
    "overlap_law_artifact": "oph_quark_d12_overlap_transport_law",
    "shared_charged_seed_kind": "averaged_u_d_candidate",
    "source_payload_artifact": "oph_quark_d12_internal_backread_source_payload"
  },
  "noncentrality_witness": {
    "fro_norm": 0.00027640229325291395,
    "status": "closed"
  },
  "predictive_promotion_allowed": true,
  "promotion_blockers": [],
  "proof_status": "internal_backread_continuation_forward_yukawas_emitted",
  "public_promotion_allowed": false,
  "public_surface_candidate_allowed": true,
  "public_surface_candidate_scope": [
    "m_u",
    "m_d",
    "m_s",
    "m_c",
    "m_b"
  ],
  "public_surface_candidate_status": "best_available_reference_free_current_family_candidate",
  "quark_descent_proof_status": "closed",
  "scope": "D12_continuation_internal_backread_only",
  "sector_mean_split_artifact": "oph_quark_sector_mean_split",
  "sector_mean_split_status": "closed_current_family_predictive_law",
  "shared_scalarization_law_status": "candidate_only",
  "singular_values_d": [
    0.004216734411278773,
    0.09069989806817585,
    4.686342397243612
  ],
  "singular_values_u": [
    0.0022013472986975803,
    1.2553945652974103,
    171.0879574165533
  ],
  "source_descent_artifact": "oph_quark_d12_internal_backread_descent",
  "source_mode": "factorized_descent",
  "spread_sigma_d_total_log_per_side": 3.4210589139721543,
  "spread_sigma_source_kind": "edge_statistics_bridge_internal_backread_realization",
  "spread_sigma_u_total_log_per_side": 5.578418804072826,
  "template_amplitude_fallback_used": false,
  "up_down_sector_distinct": true,
  "uses_full_projector_algebra": true
}
