{
  "D_d_left_log": [
    -0.5145239897595888,
    0.06917969610212979,
    0.44534429365745903
  ],
  "D_d_right_log": [
    0.5145239897595888,
    -0.06917969610212979,
    -0.44534429365745903
  ],
  "D_u_left_log": [
    0.5145239897595888,
    -0.06917969610212979,
    -0.44534429365745903
  ],
  "D_u_right_log": [
    -0.5145239897595888,
    0.06917969610212979,
    0.44534429365745903
  ],
  "Delta_Phi_q": [
    [
      0.0,
      0.36859806829415914,
      0.177272971261707
    ],
    [
      -0.36859806829415914,
      0.0,
      0.020537722280319606
    ],
    [
      -0.177272971261707,
      -0.020537722280319606,
      0.0
    ]
  ],
  "Delta_S_q": [
    [
      0.0,
      0.20624196900447375,
      0.034806034601383956
    ],
    [
      0.20624196900447375,
      0.0,
      0.23369766089500627
    ],
    [
      0.034806034601383956,
      0.23369766089500627,
      0.0
    ]
  ],
  "Delta_logD_left_q": [
    0.5145239897595888,
    -0.06917969610212979,
    -0.44534429365745903
  ],
  "Delta_logD_right_q": [
    -0.5145239897595888,
    0.06917969610212979,
    0.44534429365745903
  ],
  "E_d_log": null,
  "E_u_log": null,
  "Phi_d": [
    [
      0.0,
      0.21678335730270465,
      -0.7626543968585708
    ],
    [
      -0.21678335730270465,
      0.0,
      0.5648437033165442
    ],
    [
      0.7626543968585708,
      -0.5648437033165442,
      0.0
    ]
  ],
  "Phi_u": [
    [
      0.0,
      0.9539794938910229,
      -0.4081084543351568
    ],
    [
      -0.9539794938910229,
      0.0,
      0.6059191478771834
    ],
    [
      0.4081084543351568,
      -0.6059191478771834,
      0.0
    ]
  ],
  "S_d": [
    [
      0.0,
      2.7290002716255755,
      5.373037914907442
    ],
    [
      2.7290002716255755,
      0.0,
      3.1127542520880427
    ],
    [
      5.373037914907442,
      3.1127542520880427,
      0.0
    ]
  ],
  "S_u": [
    [
      0.0,
      3.1414842096345232,
      5.44264998411021
    ],
    [
      3.1414842096345232,
      0.0,
      3.580149573878055
    ],
    [
      5.44264998411021,
      3.580149573878055,
      0.0
    ]
  ],
  "Xi_q_imag": [
    [
      0.0,
      0.36859806829415914,
      0.177272971261707
    ],
    [
      -0.36859806829415914,
      0.0,
      0.020537722280319606
    ],
    [
      -0.177272971261707,
      -0.020537722280319606,
      0.0
    ]
  ],
  "Xi_q_real": [
    [
      0.5145239897595888,
      0.20624196900447375,
      0.034806034601383956
    ],
    [
      0.20624196900447375,
      -0.06917969610212979,
      0.23369766089500627
    ],
    [
      0.034806034601383956,
      0.23369766089500627,
      -0.44534429365745903
    ]
  ],
  "artifact": "oph_quark_sector_descent",
  "budget_neutrality_certificate": {
    "delta_logg_q": 0.0,
    "status": "closed",
    "u_plus_d_odd_part_sum": 0.0
  },
  "channel_splitter_kind": "odd_projector_resolved_splitter",
  "coefficient_free": true,
  "d_raw_channel_norm_candidate": 0.9231656602589083,
  "degenerate_placeholder_fallback_used": false,
  "delta_logg_q": 0.0,
  "delta_logg_q_status": "closed_zero_corollary",
  "dense_entrywise_amplitude_used": false,
  "even_evaluator_centering_mode": "trace_zero",
  "even_evaluator_family": "trace_zero_quadratic_on_ordered_branch_generator",
  "even_excitation_input_kind": "ordered_branch_generator_spectral_package",
  "even_excitation_theorem_candidate": "oph_family_excitation_evaluator",
  "exact_missing_object": "oph_family_excitation_evaluator",
  "g_ch": 0.9231656602589083,
  "g_d": 0.9231656602589083,
  "g_u": 0.9231656602589083,
  "generated_utc": "2026-03-25T23:51:12Z",
  "hierarchy_driver_status": "missing_even_excitation_evaluator",
  "metadata": {
    "note": "Candidate odd quark-sector descent built from an explicit shared charged response seed plus the separate odd-response-law artifact. The local shape map is explicit and coefficient-free on the current single-kappa ray, and the absolute quark norm is already numerically pinned by the shared charged scalarization candidate. The first mass-moving missing object is now the sector-even family excitation evaluator E_q on the ordered branch-generator spectral package; the best reduced live family is a trace-zero quadratic on the ordered branch coordinate, and further commutator-only polishing is provenance work, not the main hierarchy generator.",
    "shared_charged_seed_kind": "averaged_u_d_candidate"
  },
  "noncentrality_witness": {
    "fro_norm": 0.02228425717756219,
    "status": "closed"
  },
  "ordered_branch_coordinate_formula": "x_a = 2*(lambda_a-lambda_1)/(lambda_3-lambda_1) - 1",
  "orientation_fixed": true,
  "projector_split_coefficients": [
    0.7943923487582518,
    -0.23377770181325852,
    -0.5606146469449932
  ],
  "proof_status": "odd_splitter_candidate",
  "quark_descent_proof_status": "closed",
  "response_map_id": "projector_witness_pullback_riesz_candidate",
  "sector_distinctness_witness": {
    "status": "closed",
    "value": 1.0290479795191776
  },
  "shared_norm_origin": "charged_dirac_scalarization_restriction",
  "shared_norm_status": "numerically_pinned_candidate",
  "shared_scalarization_law_status": "candidate_only",
  "u_raw_channel_norm_candidate": 0.9231656602589083,
  "uses_full_projector_algebra": true
}
