{
  "artifact": "oph_sector_response_object",
  "cycle_holonomy_class": {
    "012": 1.7561442767905915,
    "021": -1.7561442767905915
  },
  "family_eigenvalues": [
    1.3557137562771555,
    0.40452595199087626,
    0.102160291731968
  ],
  "family_projectors": [
    {
      "imag": [
        [
          0.0,
          0.35722507281469923,
          0.17475462350921778
        ],
        [
          -0.35722507281469923,
          -1.0743117835643881e-18,
          0.02115993532939276
        ],
        [
          -0.17475462350921778,
          -0.021159935329392764,
          -5.4559259034045815e-19
        ]
      ],
      "real": [
        [
          0.7289562396065167,
          0.1919788230394956,
          0.050736976302276984
        ],
        [
          0.1919788230394956,
          0.2256179619669269,
          0.09900067271779538
        ],
        [
          0.050736976302276984,
          0.09900067271779538,
          0.04542579842655652
        ]
      ]
    },
    {
      "imag": [
        [
          0.0,
          -0.35321711982049214,
          -0.18211149936179805
        ],
        [
          0.35321711982049214,
          7.465416937067342e-18,
          -0.024887449967925985
        ],
        [
          0.18211149936179805,
          0.024887449967925995,
          1.888606889361881e-18
        ]
      ],
      "real": [
        [
          0.267404997439915,
          -0.1648855187383942,
          -0.10385277348419145
        ],
        [
          -0.1648855187383942,
          0.5682375777515369,
          0.3045893625732586
        ],
        [
          -0.10385277348419145,
          0.3045893625732586,
          0.1643574248085485
        ]
      ]
    },
    {
      "imag": [
        [
          0.0,
          -0.004007952994207265,
          0.007356875852580152
        ],
        [
          0.004007952994207265,
          -1.6520883623903342e-18,
          0.0037275146385332553
        ],
        [
          -0.007356875852580152,
          -0.003727514638533257,
          4.146513853264671e-18
        ]
      ],
      "real": [
        [
          0.0036387629535686687,
          -0.027093304301101545,
          0.053115797181914406
        ],
        [
          -0.027093304301101545,
          0.20614446028153638,
          -0.4035900352910539
        ],
        [
          0.053115797181914406,
          -0.4035900352910539,
          0.7902167767648952
        ]
      ]
    }
  ],
  "gauge_invariance_checks": {
    "conjugation_class_stable": true,
    "rephasing_sensitive_cycles_detected": false
  },
  "generated_utc": "2026-03-25T10:44:24Z",
  "labels": [
    "f1",
    "f2",
    "f3"
  ],
  "metadata": {
    "cocycle_artifact": "oph_overlap_edge_transport_cocycle",
    "note": "Replace this template with an OPH-derived transport kernel across refinements. The intended theorem burden is conjugacy-Riesz persistence of the three-projector split.",
    "observable_artifact": "oph_flavor_observable",
    "transport_artifact": "oph_family_transport_kernel"
  },
  "observable_kind": "persistent_spectral_triple",
  "pairwise_suppression_directed": [
    [
      0.0,
      2.9352422406300493,
      5.407843949508826
    ],
    [
      2.9352422406300493,
      0.0,
      3.346451912983049
    ],
    [
      5.407843949508826,
      3.346451912983049,
      0.0
    ]
  ],
  "persistent_projector_certificate": {
    "conjugacy_defect_sup": 0.03162277660168382,
    "conjugation_class_stable": true,
    "defect_gap_ratio": 0.10458455029121368,
    "hermitian_descendant_riesz_margin": {
      "epsilon_transport_gap": 0.03162277660168382,
      "gamma": 0.30236566025890826,
      "gamma_half": 0.15118283012945413,
      "hermitian_descendant_norm_direct": 0.053150809679726865,
      "hermitian_descendant_norm_upper_bound": 0.07357752953620059,
      "passes": true,
      "t0_operator_norm": 1.162374562535372,
      "t1_operator_norm": 1.1643512168916883
    },
    "persistence_proof_status": "conditional_standard_math_closed",
    "projector_order_preserved": true,
    "riesz_bound_passes": true,
    "stable_projector_count": 3,
    "status": "conjugacy_riesz_candidate",
    "theorem_gap_gamma": 0.30236566025890826,
    "uniform_three_cluster_gap": true
  },
  "proof_status": "conjugacy_riesz_candidate",
  "refinement_stability": {
    "conjugacy_defect_sup": 0.03162277660168382,
    "conjugacy_persistence_candidate": true,
    "max_eigenvalue_drift": 0.014188908175012907,
    "min_spectral_gap": 0.30236566025890826,
    "projector_order_preserved": true,
    "stable_projector_count": 3,
    "uniform_three_cluster_gap": true
  },
  "sector_pushforward_kind": "family_observable_to_sector_response",
  "sector_response_object": {
    "d": {
      "K_core": [
        [
          1.0,
          0.05311785044622235,
          0.004481291694225777
        ],
        [
          0.05311785044622235,
          1.0,
          0.035209057540632735
        ],
        [
          0.004481291694225777,
          0.035209057540632735,
          1.0
        ]
      ],
      "K_core_directed": [
        [
          1.0,
          0.05311785044622235,
          0.004481291694225777
        ],
        [
          0.05311785044622235,
          1.0,
          0.035209057540632735
        ],
        [
          0.004481291694225777,
          0.035209057540632735,
          1.0
        ]
      ],
      "S_core": [
        [
          0.0,
          2.9352422406300493,
          5.407843949508826
        ],
        [
          2.9352422406300493,
          0.0,
          3.346451912983049
        ],
        [
          5.407843949508826,
          3.346451912983049,
          0.0
        ]
      ],
      "channel": "Q-H-D",
      "charged_dirac_scalarization_certificate": {
        "conjugation_invariant": true,
        "defined_before_sector_local_normal_form": true,
        "functional_kind": "charged_dirac_scalarization_candidate",
        "partition_additivity_candidate": true,
        "refinement_limit_candidate": true,
        "status": "candidate_only"
      },
      "functoriality_certificate": {
        "conjugation_class_stable": true,
        "projector_order_preserved": true
      },
      "normalization_class": "left_right_diagonal",
      "omega_cycle": {
        "012": 1.7561442767905915,
        "021": -1.7561442767905915
      },
      "orientation_preserved": true,
      "positive_kernel_kind": "directed_family_kernel",
      "raw_channel_norm_by_refinement": [
        {
          "refinement": "snapshot",
          "status": "candidate_only",
          "value": 0.9231656602589082
        },
        {
          "refinement": "refinement_limit_candidate",
          "status": "candidate_only",
          "value": 0.9231656602589082
        }
      ],
      "raw_channel_norm_candidate": 0.9231656602589082,
      "residual_factorization_certificate": {
        "entrywise_amplitude_free": false,
        "kind": "left_right_diagonal"
      },
      "residual_norms": {
        "left": [
          1.0,
          1.0,
          1.0
        ],
        "right": [
          1.0,
          1.0,
          1.0
        ]
      },
      "scale_scope_candidate": "shared_budget_only",
      "shared_budget_key": "charged_dirac_budget",
      "symmetry_type": "dirac"
    },
    "e": {
      "K_core": [
        [
          1.0,
          0.05311785044622235,
          0.004481291694225777
        ],
        [
          0.05311785044622235,
          1.0,
          0.035209057540632735
        ],
        [
          0.004481291694225777,
          0.035209057540632735,
          1.0
        ]
      ],
      "K_core_directed": [
        [
          1.0,
          0.05311785044622235,
          0.004481291694225777
        ],
        [
          0.05311785044622235,
          1.0,
          0.035209057540632735
        ],
        [
          0.004481291694225777,
          0.035209057540632735,
          1.0
        ]
      ],