{
  "U_e_left": {
    "imag": [
      [
        -1.262177448353619e-28,
        1.7670484276950664e-28,
        9.607463008976838e-29
      ],
      [
        0.5000110374972608,
        0.5000191798921871,
        3.160096265962817e-05
      ],
      [
        -0.5000007644016423,
        -0.4999690161861485,
        8.292639785496618e-06
      ]
    ],
    "real": [
      [
        -0.5773443211759867,
        0.5773714068945807,
        -0.577335078880897
      ],
      [
        0.28867535454908283,
        -0.28864227795733577,
        -0.5773404161963698
      ],
      [
        0.2886663687728209,
        -0.2886861556603846,
        -0.5773753107402514
      ]
    ]
  },
  "U_e_right": {
    "imag": [
      [
        -0.0,
        -0.0,
        -0.0
      ],
      [
        0.500011037497261,
        0.5000191798921874,
        3.160096265955458e-05
      ],
      [
        -0.5000007644016425,
        -0.4999690161861485,
        8.292639785718822e-06
      ]
    ],
    "real": [
      [
        -0.5773443211759867,
        0.5773714068945806,
        -0.577335078880897
      ],
      [
        0.288675354549083,
        -0.28864227795733566,
        -0.5773404161963699
      ],
      [
        0.288666368772821,
        -0.28868615566038464,
        -0.5773753107402515
      ]
    ]
  },
  "Y_e": null,
  "Y_e_shape": {
    "imag": [
      [
        0.0,
        -2.508974120220076e-13,
        2.508974120220076e-13
      ],
      [
        2.508974120220076e-13,
        0.0,
        -2.508974120220076e-13
      ],
      [
        -2.508974120220076e-13,
        2.508974120220076e-13,
        0.0
      ]
    ],
    "real": [
      [
        0.3333333333333333,
        2.1945751240677606e-13,
        2.1945751240677606e-13
      ],
      [
        2.1945751240677606e-13,
        0.3333333333333333,
        2.1945751240677606e-13
      ],
      [
        2.1945751240677606e-13,
        2.1945751240677606e-13,
        0.3333333333333333
      ]
    ]
  },
  "absolute_scale_closed": false,
  "artifact": "oph_forward_charged_leptons",
  "basis_contract": {
    "labels": [
      "f1",
      "f2",
      "f3"
    ],
    "orientation_preserved": true
  },
  "channel_norm": {
    "beta_e_by_refinement": [
      {
        "refinement": "refinement_limit_candidate",
        "value": 0.3333333333333333
      },
      {
        "refinement": "snapshot",
        "value": 0.3333333333333333
      }
    ],
    "channel_norm_closed": false,
    "charged_budget_total_by_refinement": [
      {
        "refinement": "refinement_limit_candidate",
        "value": 2.769496980776725
      },
      {
        "refinement": "snapshot",
        "value": 2.769496980776725
      }
    ],
    "closure_route": "shared_charged_budget",
    "g_e": null,
    "g_e_by_refinement": [
      {
        "refinement": "refinement_limit_candidate",
        "value": 0.9231656602589082
      },
      {
        "refinement": "snapshot",
        "value": 0.9231656602589082
      }
    ],
    "g_e_candidate": 0.9231656602589082,
    "proof_status": "shared_budget_only",
    "scale_scope": "shared_charged_budget",
    "shared_budget_key": "charged_dirac_budget",
    "shared_budget_share_e": 0.3333333333333333
  },
  "closure_state": "open",
  "generated_utc": "2026-03-25T05:50:39Z",
  "labels": [
    "f1",
    "f2",
    "f3"
  ],
  "metadata": {
    "channel_norm_artifact": "oph_lepton_channel_norm",
    "closure_route": "shared_charged_budget",
    "note": "Replace this template with an OPH-derived transport kernel across refinements. The intended theorem burden is conjugacy-Riesz persistence of the three-projector split.",
    "observable_artifact": "oph_flavor_observable",
    "sector_response_artifact": "oph_sector_response_object",
    "transport_artifact": "oph_family_transport_kernel"
  },
  "shape_closed": false,
  "singular_values_abs": null,
  "singular_values_shape": [
    0.3333333333326792,
    0.3333333333335484,
    0.33333333333377224
  ],
  "source_mode": "channel_tensor_shape",
  "theorem_status": "open"
}
