{
  "anchors": {
    "anchor_ratio_capacity_over_d10": 1.227269489165779,
    "m_star_capacity_gev": 3.021233930583966e-12,
    "m_star_d10_v2_over_mu_u_gev": 2.4617526608908134e-12
  },
  "collective_mode": {
    "basis": "democratic_rank_one",
    "u_uT": [
      [
        0.3333333333333333,
        0.3333333333333333,
        0.3333333333333333
      ],
      [
        0.3333333333333333,
        0.3333333333333333,
        0.3333333333333333
      ],
      [
        0.3333333333333333,
        0.3333333333333333,
        0.3333333333333333
      ]
    ],
    "u_vector": [
      0.5773502691896258,
      0.5773502691896258,
      0.5773502691896258
    ]
  },
  "inputs": {
    "P": 1.63094,
    "log_dim_H": 1e+122,
    "loops": 4,
    "mu_u_used_gev": 2.4736039148648396e+16
  },
  "live_predictor_snapshot": {
    "M_U_gev": 2.4736039148648396e+16,
    "m_nu_e_gev": 8.392316473844349e-14,
    "m_nu_mu_gev": 5.035389884306609e-13,
    "m_nu_tau_gev": 3.021233930583966e-12,
    "rho_Lambda_1_4_gev": 3.021233930583966e-12,
    "v_gev": 246.7671173274197
  },
  "notes": [
    "This artifact fixes the current scale anchor only.",
    "Family structure, splittings, and mixing require a separate OPH-derived response tensor."
  ],
  "status": "scale_anchor_only"
}
