{
  "C_nu_hat_real": [
    [
      0.7536262993453804,
      0.12318685032730972,
      0.12318685032730972
    ],
    [
      0.12318685032730972,
      0.7536262993453804,
      0.12318685032730972
    ],
    [
      0.12318685032730972,
      0.12318685032730972,
      0.7536262993453804
    ]
  ],
  "Delta_nu": [
    [
      0.4202929660120471,
      -0.2101464830060236,
      -0.2101464830060236
    ],
    [
      -0.2101464830060236,
      0.4202929660120471,
      -0.2101464830060236
    ],
    [
      -0.2101464830060236,
      -0.2101464830060236,
      0.4202929660120471
    ]
  ],
  "E_nu": [
    [
      1.0,
      0.16345879971852503,
      0.16345879971852503
    ],
    [
      0.16345879971852503,
      1.0,
      0.16345879971852503
    ],
    [
      0.16345879971852503,
      0.16345879971852503,
      1.0
    ]
  ],
  "K_core_directed": [
    [
      1.0,
      0.21954498400100148,
      0.09055385138137417
    ],
    [
      0.21954498400100148,
      1.0,
      0.18027756377319948
    ],
    [
      0.09055385138137417,
      0.18027756377319948,
      1.0
    ]
  ],
  "K_core_majorana_sym": [
    [
      1.0,
      0.16345879971852503,
      0.16345879971852503
    ],
    [
      0.16345879971852503,
      1.0,
      0.16345879971852503
    ],
    [
      0.16345879971852503,
      0.16345879971852503,
      1.0
    ]
  ],
  "S_nu": [
    [
      -0.0,
      1.8111943098886585,
      1.8111943098886585
    ],
    [
      1.8111943098886585,
      -0.0,
      1.8111943098886585
    ],
    [
      1.8111943098886585,
      1.8111943098886585,
      -0.0
    ]
  ],
  "artifact": "oph_neutrino_family_response",
  "collective_mode_overlap": 1.3269175994370503,
  "edge_amplitude_isotropy_certificate": {
    "closed": true,
    "spread": 0.0,
    "tolerance": 1e-30
  },
  "edge_amplitudes": {
    "a12": 0.16345879971852503,
    "a23": 0.16345879971852503,
    "a31": 0.16345879971852503
  },
  "family_symmetry_certificate": {
    "reason": "equal_edge_amplitudes",
    "s3_equivariant_data": true
  },
  "gap_certificate": {
    "min_gap": 1.1102230246251565e-16,
    "stable": false
  },
  "generated_utc": "2026-03-25T07:01:59Z",
  "labels": [
    "f1",
    "f2",
    "f3"
  ],
  "majorana_normalization_diag": [
    1.0,
    1.0,
    1.0
  ],
  "notes": [
    "This artifact builds the real symmetric Majorana response from the sector-response object.",
    "The complex Majorana phase lift stays separate until the congruence-gauge theorem closes.",
    "Unique-edge amplitudes and the weighted edge norm are exported for the residual-envelope theorem burden."
  ],
  "phase_status": "unresolved",
  "projector_gap_seed": 1.1102230246251565e-16,
  "rank_lower_bound": 3,
  "source_artifacts": {
    "capacity_sector": "code/particles/runs/neutrino/capacity_sector.json",
    "sector_response": "code/particles/runs/flavor/sector_transport_pushforward.json"
  },
  "status": "real_majorana_response",
  "u_normalization": 1.3269175994370503,
  "u_projector": [
    [
      0.3333333333333333,
      0.3333333333333333,
      0.3333333333333333
    ],
    [
      0.3333333333333333,
      0.3333333333333333,
      0.3333333333333333
    ],
    [
      0.3333333333333333,
      0.3333333333333333,
      0.3333333333333333
    ]
  ],
  "u_vector": [
    0.5773502691896258,
    0.5773502691896258,
    0.5773502691896258
  ],
  "weighted_edge_norm_sq": 0.08015633761626265
}
