{
  "artifact": "oph_neutrino_dimensionless_law_candidate_audit",
  "candidates": {
    "current_law": {
      "absolute_ratio_error": 0.0008805230253356097,
      "chi": 1.1045845502912137,
      "dimensionless_dm2": {
        "21": 2.415559601940881e-05,
        "31": 0.0007885145046574088,
        "32": 0.000764358908638
      },
      "p": 1.406950210550122,
      "pmns": {
        "J": -0.026522158828835723,
        "delta_deg": 307.81750422696206,
        "theta12_deg": 33.97561492020427,
        "theta13_deg": 8.645937826302099,
        "theta23_deg": 49.778494281953684
      },
      "ratio_dm21_over_dm32": 0.031602426224679334,
      "representative_ratio_error": 0.0008805230253356097
    },
    "midpoint_normalized_gap_defect": {
      "absolute_ratio_error": 7.931013771902973e-07,
      "chi": 1.1045845502912137,
      "dimensionless_dm2": {
        "21": 2.520259180367675e-05,
        "31": 0.0008455698156217034,
        "32": 0.0008203672238180266
      },
      "p": 1.395092021318097,
      "pmns": {
        "J": -0.02753115613565372,
        "delta_deg": 305.58061231449796,
        "theta12_deg": 34.225904631810025,
        "theta13_deg": 8.686355527700156,
        "theta23_deg": 49.72282845058266
      },
      "ratio_dm21_over_dm32": 0.030721110097966534,
      "representative_ratio_error": -7.931013771902973e-07,
      "segment_denominator": 1.1278836902103337
    },
    "normalized_eps_over_chi": {
      "absolute_ratio_error": 0.00014269889816979214,
      "chi": 1.1045845502912137,
      "dimensionless_dm2": {
        "21": 2.5026741135654408e-05,
        "31": 0.0008358825252661288,
        "32": 0.0008108557841304744
      },
      "p": 1.3970479100365654,
      "pmns": {
        "J": -0.0273620291386947,
        "delta_deg": 305.96057793794637,
        "theta12_deg": 34.18236027500079,
        "theta13_deg": 8.679662354941948,
        "theta23_deg": 49.732033664319204
      },
      "ratio_dm21_over_dm32": 0.030864602097513516,
      "representative_ratio_error": 0.00014269889816979214
    },
    "segment_geometric_mean": {
      "absolute_ratio_error": 6.548456969422689e-07,
      "chi": 1.1045845502912137,
      "dimensionless_dm2": {
        "21": 2.5200805840476436e-05,
        "31": 0.0008454712339581777,
        "32": 0.0008202704281177013
      },
      "p": 1.3951118121198416,
      "pmns": {
        "J": -0.027529439676807144,
        "delta_deg": 305.58447923271865,
        "theta12_deg": 34.22545935007586,
        "theta13_deg": 8.686287749199211,
        "theta23_deg": 49.72292164123426
      },
      "ratio_dm21_over_dm32": 0.030722558045040666,
      "representative_ratio_error": 6.548456969422689e-07,
      "segment_denominator": 1.127643014753122
    },
    "segment_harmonic_mean": {
      "absolute_ratio_error": 2.1031843175194076e-06,
      "chi": 1.1045845502912137,
      "dimensionless_dm2": {
        "21": 2.5199019632444732e-05,
        "31": 0.0008453726427522911,
        "32": 0.0008201736231198464
      },
      "p": 1.3951316071455826,
      "pmns": {
        "J": -0.02752772295583765,
        "delta_deg": 305.5883465207257,
        "theta12_deg": 34.22501406958861,
        "theta13_deg": 8.686219957320256,
        "theta23_deg": 49.723014850813406
      },
      "ratio_dm21_over_dm32": 0.030724006383661243,
      "representative_ratio_error": 2.1031843175194076e-06,
      "segment_denominator": 1.1274023906528685
    }
  },
  "generated_utc": "2026-03-30T07:51:36Z",
  "leading_observation": {
    "candidate": "segment_geometric_mean",
    "note": "The full positive-load segment family between chi and 1 + gamma_half is explicit in the audit. The arithmetic midpoint is the live standard-math-fixed selector on the repaired branch, while the geometric mean remains the numerical leader by raw central-ratio error on this compare-only audit surface."
  },
  "live_parameters": {
    "chi": 1.1045845502912137,
    "defect_gap_ratio": 0.10458455029121368,
    "gamma": 0.30236566025890826,
    "gamma_half": 0.15118283012945413
  },
  "live_promoted_selector": {
    "D_nu": 1.127883690210334,
    "closure_scope": "standard_math_fixed",
    "selector_id": "balanced_equals_least_distortion_midpoint",
    "weight_exponent_value": 1.395092021318097
  },
  "midpoint_equivalent_law": {
    "denominator_formula": "D_mid = 1 + eps/2 + gamma/4 = 1 + eps/2 + gamma_half/2 = (chi + 1 + gamma_half)/2",
    "exact_missing_object": null,
    "midpoint_choice": "tau_nu = 1/2",
    "selector_family": "D_tau = (1-tau_nu) * chi + tau_nu * (1 + gamma_half)",
    "theorem_status": "live_standard_math_fixed_selector"
  },
  "public_promotion_allowed": false,
  "ranking_by_absolute_ratio_error": [
    {
      "absolute_ratio_error": 6.548456969422689e-07,
      "candidate": "segment_geometric_mean",
      "theta12_deg": 34.22545935007586,
      "theta13_deg": 8.686287749199211,
      "theta23_deg": 49.72292164123426
    },
    {
      "absolute_ratio_error": 7.931013771902973e-07,
      "candidate": "midpoint_normalized_gap_defect",
      "theta12_deg": 34.225904631810025,
      "theta13_deg": 8.686355527700156,
      "theta23_deg": 49.72282845058266
    },
    {
      "absolute_ratio_error": 2.1031843175194076e-06,
      "candidate": "segment_harmonic_mean",
      "theta12_deg": 34.22501406958861,
      "theta13_deg": 8.686219957320256,
      "theta23_deg": 49.723014850813406
    },
    {
      "absolute_ratio_error": 0.00014269889816979214,
      "candidate": "normalized_eps_over_chi",
      "theta12_deg": 34.18236027500079,
      "theta13_deg": 8.679662354941948,
      "theta23_deg": 49.732033664319204
    },
    {
      "absolute_ratio_error": 0.0008805230253356097,
      "candidate": "current_law",
      "theta12_deg": 33.97561492020427,
      "theta13_deg": 8.645937826302099,
      "theta23_deg": 49.778494281953684
    }
  ],
  "representative_pdg_central_ratio": {
    "delta_m21_sq_eV2": 7.49e-05,
    "delta_m32_sq_eV2": 0.002438,
    "note": "Representative PDG 2025 central values used only for compare-only candidate-law auditing.",
    "ratio": 0.030721903199343724
  },
  "segment_selector_candidates": {
    "arithmetic_mean": 1.1278836902103337,
    "geometric_mean": 1.127643014753122,
    "harmonic_mean": 1.1274023906528685,
    "left_endpoint_chi": 1.1045845502912137,
    "note": "These are selector candidates on the positive load segment between chi and 1 + gamma_half. The arithmetic midpoint is the live standard-math-fixed selector because balanced and least-distortion coincide on a one-dimensional affine segment. The geometric and harmonic means remain compare-only alternatives, and all three mean selectors outperform the legacy raw-defect law by a wide margin.",
    "right_endpoint_one_plus_gamma_half": 1.1511828301294542
  },
  "source_artifacts": {
    "overlap_edge_transport_cocycle": "/Users/muellerberndt/Projects/oph-meta/reverse-engineering-reality/code/particles/runs/flavor/overlap_edge_transport_cocycle.json",
    "same_label_scalar_certificate": "/Users/muellerberndt/Projects/oph-meta/reverse-engineering-reality/code/particles/runs/neutrino/same_label_scalar_certificate.json",
    "selector_phase_source": "/Users/muellerberndt/Projects/oph-meta/reverse-engineering-reality/code/particles/runs/neutrino/intrinsic_neutrino_mass_eigenstate_bundle_from_scalar_certificate.json",
    "transport_load_selector": "/Users/muellerberndt/Projects/oph-meta/reverse-engineering-reality/code/particles/runs/neutrino/neutrino_transport_load_segment_selector.json"
  },
  "status": "law_space_audit_around_live_selector"
}
